frame;violation
1;yes
1;yes
1;yes
2;no
2;no
3;no
3;no
3;no
3;no
4;no
4;no
5;no
5;no
6;no
6;no
6;no
7;no
7;no
8;no
8;no
9;no
9;no
10;no
10;no
11;no
11;no
11;no
12;no
12;no
13;no
13;no
14;no
14;no
15;no
15;no
16;no
16;no
16;no
16;no
17;no
17;no
18;no
18;no
18;no
19;no
20;no
20;no
20;no
20;no
20;no
21;no
21;no
21;no
22;yes
22;yes
22;yes
23;yes
23;yes
23;yes
23;yes
24;yes
24;yes
24;yes
24;yes
25;yes
25;yes
25;yes
26;yes
26;yes
26;yes
26;yes
26;yes
27;yes
27;yes
28;yes
28;yes
28;no
29;no
29;no
29;no
30;no
30;no
30;no
30;no
31;no
31;no
31;no
31;no
32;no
32;no
32;no
33;no
33;no
34;no
34;no
35;no
35;no
36;no
36;no
36;no
37;no
37;no
37;no
37;no
38;no
38;no
39;no
39;no
39;no
40;no
40;no
41;no
41;no
41;no
42;no
42;no
42;no
43;no
43;no
43;no
44;no
44;no
45;no
45;no
45;no
46;no
46;no
47;no
47;yes
48;yes
48;yes
49;yes
49;yes
50;yes
50;yes
50;yes
51;yes
51;yes
52;yes
52;yes
52;yes
53;yes
53;yes
53;yes
53;yes
54;yes
54;yes
54;yes
55;yes
55;yes
55;yes
56;yes
56;yes
56;yes
57;yes
57;yes
57;yes
58;yes
58;yes
58;yes
59;yes
59;yes
59;yes
59;yes
60;yes
60;yes
60;yes
61;yes
61;yes
61;yes
61;yes
62;yes
62;yes
62;yes
63;yes
63;yes
63;yes
63;yes
63;yes
63;yes
64;yes
64;yes
64;yes
64;yes
64;yes
64;yes
65;yes
65;yes
65;yes
66;yes
66;yes
66;yes
66;yes
66;yes
66;yes
67;yes
67;yes
67;yes
68;yes
68;yes
68;yes
68;yes
68;yes
69;yes
69;yes
69;yes
69;yes
70;yes
70;yes
70;yes
71;yes
71;yes
71;yes
71;yes
72;yes
72;yes
72;yes
72;yes
73;yes
73;yes
73;yes
73;yes
74;yes
74;yes
74;yes
74;yes
75;yes
75;yes
75;yes
75;yes
76;yes
76;yes
76;yes
77;yes
77;yes
77;yes
77;yes
78;yes
78;yes
78;yes
78;yes
79;yes
79;yes
79;yes
79;yes
79;yes
80;yes
80;yes
80;yes
80;yes
81;yes
81;yes
81;yes
81;yes
81;yes
82;yes
82;yes
82;yes
82;yes
82;yes
83;yes
83;yes
83;yes
83;no
83;no
84;no
84;no
84;no
84;no
85;no
85;no
85;no
85;no
85;no
85;no
86;no
86;no
86;no
86;no
87;no
87;no
87;no
87;no
87;no
88;no
88;no
88;no
89;no
89;no
89;no
89;no
89;no
89;no
90;no
90;no
90;no
90;no
91;no
91;no
91;no
92;no
92;no
92;no
92;no
93;no
93;no
93;no
94;no
94;no
94;no
94;no
94;no
95;no
95;no
95;no
95;no
95;no
95;no
96;no
96;no
96;no
96;no
97;no
97;no
97;no
97;no
98;no
98;no
98;no
98;no
99;no
99;no
99;no
99;no
100;no
100;no
100;no
100;no
100;no
101;no
101;no
101;no
101;no
102;no
102;no
102;no
102;no
103;no
103;no
103;no
103;yes
104;yes
104;yes
104;yes
104;yes
105;yes
105;yes
105;yes
105;yes
106;yes
106;yes
106;yes
106;yes
107;yes
107;yes
107;yes
107;yes
108;yes
108;yes
108;yes
108;yes
109;yes
109;yes
109;yes
110;yes
110;yes
110;yes
110;yes
111;yes
111;yes
111;yes
111;yes
112;yes
112;yes
112;yes
112;yes
113;yes
113;yes
113;yes
113;yes
114;yes
114;yes
114;yes
114;yes
115;yes
115;yes
115;yes
115;yes
115;yes
116;yes
116;yes
116;yes
116;yes
117;yes
117;yes
117;yes
117;yes
118;yes
118;yes
118;yes
118;yes
119;yes
119;yes
119;yes
119;yes
120;yes
120;yes
120;yes
120;yes
121;yes
121;yes
121;yes
121;yes
122;yes
122;yes
122;yes
122;yes
122;yes
123;yes
123;yes
123;yes
123;yes
124;yes
124;yes
124;yes
124;yes
125;yes
125;yes
125;yes
125;yes
126;yes
126;yes
126;yes
126;yes
127;yes
127;yes
127;yes
127;yes
128;yes
128;yes
128;yes
128;yes
128;yes
129;yes
129;yes
129;yes
129;yes
129;yes
130;yes
130;yes
130;yes
130;yes
131;yes
131;yes
131;yes
132;yes
132;yes
132;yes
132;yes
132;yes
133;yes
133;yes
133;yes
133;yes
134;yes
134;yes
134;yes
134;yes
135;yes
135;yes
135;yes
135;yes
136;yes
136;yes
136;yes
137;yes
137;yes
137;yes
137;yes
137;yes
137;yes
138;yes
138;yes
138;yes
138;yes
138;yes
139;yes
139;yes
139;yes
140;yes
140;yes
140;yes
140;yes
140;yes
140;yes
140;yes
140;yes
141;yes
141;yes
141;yes
141;yes
141;yes
142;yes
142;yes
142;yes
142;yes
142;yes
143;yes
143;yes
143;yes
143;yes
143;yes
143;yes
144;yes
144;yes
144;yes
144;yes
144;yes
144;yes
145;yes
145;yes
145;yes
145;yes
145;yes
145;yes
146;yes
146;yes
146;yes
146;yes
146;yes
146;yes
147;yes
147;yes
147;yes
147;yes
147;yes
148;yes
148;yes
148;yes
148;yes
148;yes
149;yes
149;yes
149;yes
149;yes
149;yes
149;yes
150;yes
150;yes
150;yes
150;yes
150;yes
151;yes
151;yes
151;yes
151;yes
151;yes
151;yes
152;yes
152;yes
152;yes
152;yes
152;yes
153;yes
153;yes
153;yes
153;yes
153;yes
154;yes
154;yes
154;yes
154;yes
154;yes
154;yes
154;yes
154;yes
155;yes
155;yes
155;yes
155;yes
155;yes
155;yes
156;yes
156;yes
156;yes
156;yes
156;yes
157;yes
157;yes
157;yes
157;yes
157;yes
157;yes
157;yes
158;yes
158;yes
158;yes
158;yes
158;yes
158;yes
159;yes
159;yes
159;yes
159;yes
159;yes
159;yes
160;yes
160;yes
160;yes
160;yes
160;yes
160;yes
160;yes
161;yes
161;yes
161;yes
161;yes
161;yes
161;yes
162;yes
162;yes
162;yes
162;yes
162;yes
163;yes
163;yes
163;yes
163;yes
163;yes
163;yes
164;yes
164;yes
164;yes
164;yes
164;yes
165;yes
165;yes
165;yes
165;yes
165;yes
165;yes
166;yes
166;yes
166;yes
166;yes
166;yes
166;yes
167;yes
167;yes
167;yes
167;yes
167;yes
168;yes
168;yes
168;yes
168;yes
169;yes
169;yes
169;yes
169;yes
169;yes
169;yes
169;yes
169;yes
170;yes
170;yes
170;yes
170;yes
170;yes
171;yes
171;yes
171;yes
171;yes
171;yes
171;yes
172;yes
172;yes
172;yes
172;yes
172;yes
172;yes
172;yes
173;yes
173;yes
173;yes
173;yes
173;yes
174;yes
174;yes
174;yes
174;yes
174;yes
174;yes
175;yes
175;yes
175;yes
175;yes
176;yes
176;yes
176;yes
176;yes
176;yes
176;yes
176;yes
177;yes
177;yes
177;yes
177;yes
177;yes
177;yes
177;yes
178;yes
178;yes
178;yes
178;yes
178;yes
178;yes
178;yes
179;yes
179;yes
179;yes
179;yes
179;yes
180;yes
180;yes
180;yes
180;yes
180;yes
180;yes
181;yes
181;yes
181;yes
181;yes
181;yes
181;yes
181;yes
182;yes
182;yes
182;yes
182;yes
182;yes
183;yes
183;yes
183;yes
183;yes
184;yes
184;yes
184;yes
184;yes
184;yes
184;yes
184;yes
185;yes
185;yes
185;yes
185;yes
185;yes
185;yes
186;yes
186;yes
186;yes
186;yes
187;yes
187;yes
187;yes
187;yes
187;yes
188;yes
188;yes
188;yes
188;yes
188;yes
189;yes
189;yes
189;yes
189;yes
189;yes
189;yes
189;yes
189;yes
190;yes
190;yes
190;yes
190;yes
190;yes
191;yes
191;yes
191;yes
191;yes
191;yes
192;yes
192;yes
192;yes
192;yes
192;yes
192;yes
192;yes
193;yes
193;yes
193;yes
193;yes
193;yes
194;yes
194;yes
194;yes
194;yes
194;yes
194;yes
195;yes
195;yes
195;yes
195;yes
195;yes
195;yes
196;yes
196;yes
196;yes
196;yes
197;yes
197;yes
197;yes
197;yes
197;yes
197;yes
198;yes
198;yes
198;yes
198;yes
198;yes
199;yes
199;yes
199;yes
199;yes
199;yes
199;yes
199;yes
200;yes
200;yes
200;yes
200;yes
200;yes
200;yes
200;yes
201;yes
201;yes
201;yes
201;yes
201;yes
201;yes
201;yes
201;yes
201;yes
202;yes
202;yes
202;yes
202;yes
202;yes
202;yes
202;yes
202;yes
203;yes
203;yes
203;yes
203;yes
203;yes
203;yes
203;yes
204;yes
204;yes
204;yes
204;yes
204;yes
204;yes
204;yes
204;yes
205;yes
205;yes
205;yes
205;yes
205;yes
205;yes
205;yes
205;yes
206;yes
206;yes
206;yes
206;yes
206;yes
206;yes
206;yes
207;yes
207;yes
207;yes
207;yes
207;yes
207;yes
207;yes
207;yes
208;yes
208;yes
208;yes
208;yes
208;yes
208;yes
208;yes
208;yes
208;yes
209;yes
209;yes
209;yes
209;yes
209;yes
209;yes
209;yes
209;yes
210;yes
210;yes
210;yes
210;yes
211;yes
211;yes
211;yes
211;yes
211;yes
211;yes
211;yes
212;yes
212;yes
212;yes
212;yes
212;yes
213;yes
213;yes
213;yes
213;yes
213;yes
213;yes
213;yes
214;yes
214;yes
214;yes
214;yes
214;yes
214;yes
214;yes
215;yes
215;yes
215;yes
215;yes
215;yes
215;yes
215;yes
216;yes
216;yes
216;yes
216;yes
216;yes
216;yes
217;yes
217;yes
217;yes
217;yes
217;yes
217;yes
217;yes
217;yes
218;yes
218;yes
218;yes
218;yes
218;yes
218;yes
218;yes
218;yes
219;yes
219;yes
219;yes
219;yes
219;yes
219;yes
219;yes
219;yes
219;yes
219;yes
220;yes
220;yes
220;yes
220;yes
220;yes
220;yes
221;yes
221;yes
221;yes
221;yes
221;yes
222;yes
222;yes
222;yes
222;yes
222;yes
223;yes
223;yes
223;yes
223;yes
223;yes
224;yes
224;yes
224;yes
224;yes
224;yes
224;yes
224;yes
224;yes
224;yes
224;yes
225;yes
225;yes
225;yes
225;yes
225;yes
225;yes
225;yes
225;yes
225;yes
226;yes
226;yes
226;yes
226;yes
226;yes
226;yes
226;yes
226;yes
226;yes
226;yes
227;yes
227;yes
227;yes
227;yes
227;yes
227;yes
227;yes
227;yes
227;yes
227;yes
227;yes
228;yes
228;yes
228;yes
228;yes
228;yes
228;yes
228;yes
228;yes
229;yes
229;yes
229;yes
229;yes
229;yes
229;yes
229;yes
229;yes
229;yes
230;yes
230;yes
230;yes
230;yes
230;yes
230;yes
230;yes
230;yes
231;yes
231;yes
231;yes
231;yes
231;yes
232;yes
232;yes
232;yes
232;yes
232;yes
232;yes
233;yes
233;yes
233;yes
233;yes
233;yes
233;yes
233;yes
233;yes
234;yes
234;yes
234;yes
234;yes
234;yes
234;yes
234;yes
235;yes
235;yes
235;yes
235;yes
235;yes
235;yes
235;yes
235;yes
236;yes
236;yes
236;yes
236;yes
236;yes
236;yes
237;yes
237;yes
237;yes
237;yes
238;yes
238;yes
238;yes
239;yes
239;yes
239;yes
239;yes
239;yes
240;yes
240;yes
240;yes
241;yes
241;yes
241;yes
241;yes
241;yes
242;yes
242;yes
242;yes
242;yes
242;yes
243;yes
243;yes
243;yes
243;yes
243;yes
243;yes
243;yes
244;yes
244;yes
244;yes
244;yes
245;yes
245;yes
245;yes
245;yes
245;yes
245;yes
246;yes
246;yes
246;yes
246;yes
246;yes
246;yes
247;yes
247;yes
247;yes
247;yes
248;yes
248;yes
249;yes
249;yes
249;yes
249;yes
250;yes
250;yes
250;yes
250;yes
251;yes
251;yes
251;yes
251;yes
252;yes
252;yes
252;yes
252;yes
253;yes
253;yes
253;yes
253;yes
254;yes
254;yes
254;yes
255;yes
255;yes
255;yes
255;yes
256;yes
256;yes
256;yes
256;yes
257;yes
257;yes
257;yes
257;yes
257;yes
258;yes
258;yes
258;yes
258;yes
259;yes
259;yes
259;yes
259;yes
259;yes
260;yes
260;yes
260;yes
260;yes
261;yes
261;yes
261;yes
261;yes
262;yes
262;yes
262;yes
262;yes
263;yes
263;yes
263;yes
263;yes
264;yes
264;yes
264;yes
264;yes
265;yes
265;yes
265;yes
265;yes
265;yes
266;yes
266;yes
266;yes
266;yes
266;yes
267;yes
267;yes
267;yes
267;yes
267;yes
268;yes
268;yes
268;yes
268;yes
268;yes
269;yes
269;yes
269;yes
269;yes
270;yes
270;yes
270;yes
270;yes
271;yes
271;yes
271;yes
271;yes
271;yes
272;yes
272;yes
272;yes
272;yes
272;yes
273;yes
273;yes
273;yes
273;yes
273;yes
274;yes
274;yes
274;yes
274;yes
274;yes
274;yes
274;yes
275;yes
275;yes
275;yes
275;yes
275;yes
275;yes
275;yes
276;yes
276;yes
276;yes
276;yes
276;yes
276;yes
277;yes
277;yes
277;yes
277;yes
277;yes
277;yes
278;yes
278;yes
278;yes
278;yes
279;yes
279;yes
279;yes
279;yes
279;yes
280;yes
280;yes
280;yes
280;yes
280;yes
281;yes
281;yes
281;yes
281;yes
282;yes
282;yes
282;yes
282;yes
282;yes
282;yes
283;yes
283;yes
283;yes
283;yes
283;yes
283;yes
284;yes
284;yes
284;yes
284;yes
284;yes
284;yes
285;yes
285;yes
285;yes
285;yes
285;yes
286;yes
286;yes
286;yes
286;yes
286;yes
286;yes
287;yes
287;yes
287;yes
287;yes
287;yes
287;yes
288;yes
288;yes
288;yes
288;yes
288;yes
289;yes
289;yes
289;yes
289;yes
289;yes
290;yes
290;yes
290;yes
290;yes
290;yes
291;yes
291;yes
291;yes
291;yes
291;yes
292;yes
292;yes
292;yes
292;yes
292;yes
292;yes
293;yes
293;yes
293;yes
293;yes
293;yes
293;yes
294;yes
294;yes
294;yes
294;yes
294;yes
295;yes
295;yes
295;yes
295;yes
295;yes
296;yes
296;yes
296;yes
296;yes
296;yes
297;yes
297;yes
297;yes
297;yes
297;yes
298;yes
298;yes
298;yes
298;yes
298;yes
299;yes
299;yes
299;yes
299;yes
299;yes
300;yes
300;yes
300;yes
300;yes
300;yes
301;yes
301;yes
301;yes
301;yes
301;yes
302;yes
302;yes
302;yes
302;yes
302;no
303;no
303;no
303;no
303;no
303;no
304;no
304;no
304;no
304;no
304;no
305;no
305;no
305;no
305;no
305;no
306;no
306;no
306;no
306;no
306;no
307;no
307;no
307;no
307;no
307;no
308;no
308;no
308;no
308;no
308;no
309;no
309;no
309;no
309;no
309;no
310;no
310;no
310;no
310;no
310;no
311;no
311;no
311;no
311;no
311;no
312;no
312;no
312;no
312;no
312;no
313;no
313;no
313;no
313;no
313;no
313;no
314;no
314;no
314;no
314;no
314;no
315;no
315;no
315;no
315;no
315;no
315;no
316;no
316;no
316;no
316;no
316;no
316;no
317;no
317;no
317;no
317;no
317;no
317;no
318;no
318;no
318;no
318;no
318;no
319;no
319;no
319;no
319;no
319;no
320;no
320;no
320;no
320;no
321;no
321;no
321;no
321;no
321;no
322;no
322;no
322;no
322;no
322;no
323;no
323;no
323;no
323;no
323;no
324;no
324;no
324;no
324;no
324;no
325;no
325;no
325;no
325;no
325;no
326;no
326;no
326;no
326;no
327;no
327;no
327;no
327;no
328;no
328;no
328;no
328;no
329;no
329;no
329;no
329;no
330;no
330;no
330;no
330;no
331;no
331;no
331;no
331;no
332;no
332;no
332;no
332;no
333;no
333;no
333;no
333;no
334;no
334;no
334;no
334;no
335;no
335;no
335;no
335;no
336;no
336;no
336;no
336;no
337;no
337;no
337;no
337;no
337;no
338;no
338;no
338;no
338;no
338;no
339;no
339;no
339;no
339;no
339;no
340;no
340;no
340;no
340;no
340;no
341;no
341;no
341;no
341;no
341;no
342;no
342;no
342;no
342;no
342;no
343;no
343;no
343;no
343;no
343;no
344;no
344;no
344;no
344;no
344;no
345;no
345;no
345;no
345;no
346;no
346;no
346;no
346;no
347;no
347;no
347;no
347;no
348;no
348;no
348;no
348;no
349;no
349;no
349;no
349;no
350;no
350;no
350;no
350;no
351;no
351;no
351;no
351;no
352;no
352;no
352;no
353;no
353;no
353;no
353;no
354;no
354;no
354;no
354;no
355;no
355;no
355;no
355;no
356;no
356;no
356;no
356;no
357;no
357;no
357;no
357;no
358;no
358;no
358;no
358;no
359;no
359;no
359;no
359;no
359;no
359;no
360;no
360;no
360;no
360;no
361;no
361;no
361;no
361;no
362;no
362;no
362;no
362;no
363;no
363;no
363;no
363;no
363;no
364;no
364;no
364;no
364;no
365;no
365;no
365;no
365;no
366;no
366;no
366;no
366;no
367;no
367;no
367;no
367;no
368;no
368;no
368;no
368;no
368;no
368;no
368;no
369;no
369;no
369;no
369;no
370;no
370;no
370;no
370;no
371;no
371;no
371;no
371;no
371;no
372;no
372;no
372;no
372;no
372;no
373;no
373;no
373;no
373;no
373;no
374;no
374;no
374;no
374;no
374;no
375;no
375;no
375;no
375;no
375;no
376;no
376;no
376;no
376;no
376;no
377;no
377;no
377;no
377;no
377;no
377;no
378;no
378;no
378;no
378;no
378;no
378;no
378;no
379;no
379;no
379;no
379;no
379;no
379;no
380;no
380;no
380;no
380;no
380;no
380;no
380;no
381;no
381;no
381;no
381;no
381;no
381;no
382;no
382;no
382;no
382;no
382;no
382;no
382;no
383;no
383;no
383;no
383;no
383;no
383;no
383;no
384;no
384;no
384;no
384;no
384;no
384;no
385;no
385;no
385;no
385;no
385;no
385;no
385;no
385;no
385;no
386;no
386;no
386;no
386;no
386;no
386;no
386;no
386;no
387;no
387;no
387;no
387;no
387;no
387;no
387;no
387;no
387;no
388;no
388;no
388;no
388;no
388;no
388;no
388;no
388;no
389;no
389;no
389;no
389;no
389;no
389;no
389;no
390;no
390;no
390;no
390;no
390;no
390;no
390;no
391;no
391;no
391;no
391;no
391;no
391;no
392;no
392;no
392;no
392;no
392;no
392;no
392;no
393;no
393;no
393;no
393;no
393;no
393;no
393;no
394;no
394;no
394;no
394;no
394;no
394;no
394;no
394;no
395;no
395;no
395;no
395;no
395;no
395;no
395;no
395;no
395;no
396;no
396;no
396;no
396;no
396;no
396;no
396;no
396;no
396;no
396;no
397;no
397;no
397;no
397;no
397;no
397;no
397;no
397;no
397;no
397;no
398;no
398;no
398;no
398;no
398;no
398;no
398;no
398;no
398;no
398;no
399;no
399;no
399;no
399;no
399;no
399;no
399;no
399;no
399;no
400;no
400;no
400;no
400;no
400;no
400;no
400;no
401;no
401;no
401;no
401;no
401;no
401;no
401;no
402;no
402;no
402;no
402;no
402;no
402;no
402;no
403;no
403;no
403;no
403;no
403;no
403;no
404;no
404;no
404;no
404;no
404;no
404;no
405;no
405;no
405;no
405;no
405;no
405;no
406;no
406;no
406;no
406;no
406;no
406;no
407;no
407;no
407;no
407;no
407;no
407;no
408;no
408;no
408;no
408;no
408;no
408;no
409;no
409;no
409;no
409;no
409;no
409;no
410;no
410;no
410;no
410;no
410;no
410;no
411;no
411;no
411;no
411;no
411;no
411;no
412;no
412;no
412;no
412;no
412;no
412;no
412;no
412;no
413;no
413;no
413;no
413;no
413;no
413;no
413;no
413;no
414;no
414;no
414;no
414;no
414;no
414;no
414;no
414;no
415;no
415;no
415;no
415;no
415;no
415;no
415;no
416;no
416;no
416;no
416;no
416;no
416;no
417;no
417;no
417;no
417;no
417;no
417;no
418;no
418;no
418;no
418;no
418;no
418;no
419;no
419;no
419;no
419;no
419;no
419;no
419;no
420;no
420;no
420;no
420;no
420;no
420;no
420;no
420;no
420;no
421;no
421;no
421;no
421;no
421;no
421;no
421;no
422;no
422;no
422;no
422;no
422;no
422;no
422;no
423;no
423;no
423;no
423;no
423;no
423;no
424;no
424;no
424;no
424;no
424;no
425;no
425;no
425;no
425;no
425;no
426;no
426;no
426;no
426;no
426;no
427;no
427;no
427;no
427;no
427;no
428;no
428;no
428;no
428;no
428;no
428;no
429;no
429;no
429;no
429;no
429;no
430;no
430;no
430;no
430;no
430;no
430;no
431;no
431;no
431;no
431;no
431;no
431;no
432;no
432;no
432;no
432;no
432;no
432;no
433;no
433;no
433;no
433;no
433;no
433;no
433;no
434;no
434;no
434;no
434;no
434;no
434;no
435;no
435;no
435;no
435;no
435;no
435;no
436;no
436;no
436;no
436;no
436;no
436;no
436;no
437;no
437;no
437;no
437;no
437;no
437;no
437;no
437;no
438;no
438;no
438;no
438;no
438;no
438;no
438;no
439;no
439;no
439;no
439;no
439;no
439;no
439;no
439;no
440;no
440;no
440;no
440;no
440;no
440;no
440;no
440;no
440;no
441;no
441;no
441;no
441;no
441;no
441;no
441;no
442;no
442;no
442;no
442;no
442;no
442;no
442;no
443;no
443;no
443;no
443;no
443;no
443;no
443;no
444;no
444;no
444;no
444;no
444;no
444;no
444;no
445;no
445;no
445;no
445;no
445;no
445;no
445;no
446;no
446;no
446;no
446;no
446;no
447;no
447;no
447;no
447;no
447;no
447;no
448;no
448;no
448;no
448;yes
448;no
448;yes
449;no
449;yes
449;no
449;yes
449;no
449;yes
450;no
450;yes
450;no
450;yes
450;no
450;yes
450;no
451;yes
451;no
451;yes
451;no
451;yes
452;no
452;yes
452;no
452;yes
452;no
452;yes
452;no
453;yes
453;no
453;yes
453;no
453;yes
453;no
454;yes
454;no
454;yes
454;no
454;yes
454;no
455;yes
455;no
455;yes
455;no
455;yes
456;no
456;yes
456;no
456;yes
456;no
456;yes
457;no
457;yes
457;no
457;yes
457;no
457;yes
458;no
458;yes
458;no
458;yes
458;no
458;yes
459;no
459;yes
459;no
459;yes
459;no
460;yes
460;no
460;yes
460;no
460;yes
460;no
460;yes
461;no
461;yes
461;no
461;yes
461;no
462;yes
462;no
462;yes
462;no
462;yes
462;no
462;yes
463;no
463;yes
463;no
463;yes
463;no
463;yes
464;no
464;yes
464;no
464;yes
464;no
464;yes
464;no
464;yes
464;no
465;yes
465;no
465;yes
465;no
465;yes
465;no
466;yes
466;no
466;yes
466;no
466;yes
466;no
466;yes
466;no
467;yes
467;no
467;yes
467;no
467;yes
467;no
468;yes
468;no
468;yes
468;no
468;yes
468;no
469;yes
469;no
469;yes
469;no
470;yes
470;no
470;yes
470;no
470;yes
470;no
471;yes
471;no
471;yes
471;no
471;yes
471;no
471;yes
472;no
472;yes
472;no
472;yes
472;no
473;yes
473;no
473;yes
473;no
474;yes
474;no
474;yes
474;no
475;yes
475;no
475;yes
476;no
476;yes
476;no
477;yes
477;no
477;yes
477;no
478;yes
478;no
478;yes
479;no
479;yes
479;no
479;yes
480;no
480;yes
480;no
480;yes
480;no
481;yes
481;no
481;yes
481;no
481;yes
481;no
482;yes
482;no
482;yes
482;no
482;yes
482;no
483;yes
483;no
483;yes
483;no
483;yes
483;no
483;yes
484;no
484;yes
484;no
484;yes
484;no
484;yes
484;no
485;yes
485;no
485;yes
485;no
485;yes
485;no
485;yes
486;no
486;yes
486;no
486;yes
486;no
486;yes
487;no
487;yes
487;no
487;yes
487;no
487;yes
488;no
488;yes
488;no
488;yes
488;no
488;yes
489;no
489;yes
489;no
489;yes
489;no
489;yes
489;no
489;yes
490;no
490;yes
490;no
490;yes
490;no
490;yes
490;no
490;yes
491;no
491;yes
491;no
491;yes
491;no
491;yes
491;no
491;yes
492;no
492;yes
492;no
492;yes
492;no
493;yes
493;no
493;yes
493;no
494;yes
494;no
494;yes
494;no
494;yes
495;no
495;yes
495;no
496;yes
496;no
496;yes
496;no
496;yes
497;no
497;yes
497;no
497;yes
497;no
497;yes
498;no
498;yes
498;no
499;yes
499;no
499;yes
499;no
499;yes
500;no
500;yes
500;no
501;yes
501;no
501;yes
501;no
502;yes
502;no
502;yes
503;no
503;yes
503;no
504;yes
504;no
504;yes
504;no
505;yes
505;no
505;yes
505;no
505;yes
506;no
506;yes
506;no
506;yes
506;no
506;yes
506;no
506;yes
507;no
507;yes
507;no
507;yes
507;no
507;yes
507;no
507;yes
508;no
508;yes
508;no
508;yes
508;no
508;yes
509;no
509;yes
509;no
509;yes
509;no
510;yes
510;no
510;yes
510;no
510;yes
511;no
511;yes
511;no
511;yes
511;no
512;yes
512;no
512;yes
512;no
512;yes
513;no
513;yes
513;no
513;yes
513;no
514;yes
514;no
514;yes
514;no
514;yes
514;no
515;yes
515;no
515;yes
516;no
516;yes
516;no
516;yes
517;no
517;yes
517;no
517;yes
517;no
518;yes
518;no
518;yes
518;no
518;yes
518;no
518;yes
518;no
519;yes
519;no
519;yes
520;no
520;yes
521;no
521;yes
521;no
522;yes
522;no
522;yes
522;no
523;yes
523;no
524;yes
524;no
525;yes
526;no
526;yes
527;no
527;yes
527;no
528;yes
528;no
529;yes
529;no
529;yes
530;no
530;yes
530;no
530;yes
531;no
531;yes
532;no
532;yes
533;no
533;yes
534;no
534;yes
535;no
535;yes
536;no
536;yes
537;no
537;yes
537;no
537;yes
538;no
538;yes
539;no
539;yes
539;no
540;yes
540;no
541;yes
541;no
542;yes
542;no
542;yes
543;no
543;yes
543;no
544;yes
544;no
544;yes
545;no
545;yes
545;no
545;yes
545;no
546;yes
546;no
547;yes
547;no
547;yes
548;no
548;yes
548;no
549;yes
549;no
549;yes
549;no
550;yes
550;no
550;yes
550;no
551;yes
551;no
552;yes
552;no
552;yes
552;no
553;yes
553;no
554;yes
554;no
554;yes
554;no
554;yes
554;no
555;yes
555;no
555;no
555;yes
555;no
556;yes
556;no
556;yes
556;no
556;yes
556;no
557;yes
557;no
557;no
557;yes
557;no
557;yes
557;no
558;yes
558;no
558;yes
558;no
558;yes
559;no
559;no
559;yes
559;no
559;yes
559;no
560;yes
560;no
560;yes
560;no
560;yes
560;no
561;no
561;yes
561;no
561;yes
561;no
561;yes
561;no
562;yes
562;no
562;yes
562;no
562;no
562;yes
562;no
563;yes
563;no
563;yes
563;no
563;yes
563;no
563;yes
564;no
564;no
564;yes
564;no
564;yes
564;no
565;yes
565;no
565;yes
565;no
565;yes
566;no
566;no
566;yes
566;no
566;yes
567;no
567;yes
567;no
567;yes
567;no
568;yes
568;no
568;no
568;yes
568;no
568;yes
569;no
569;yes
569;no
569;yes
569;no
569;yes
570;no
570;no
570;yes
570;no
570;yes
570;no
570;yes
571;no
571;yes
571;no
571;yes
571;no
571;no
571;yes
571;no
571;yes
572;no
572;yes
572;no
572;yes
572;no
572;yes
572;no
572;no
572;yes
573;no
573;yes
573;no
573;yes
573;no
574;yes
574;no
574;yes
574;no
574;no
574;yes
574;no
574;yes
574;no
574;yes
574;no
574;yes
575;no
575;yes
575;no
575;no
575;yes
575;no
575;yes
575;no
575;yes
575;no
575;yes
576;no
576;yes
576;no
576;no
576;yes
576;no
576;yes
576;no
576;yes
576;no
577;yes
577;no
577;yes
577;no
577;no
577;yes
577;no
577;yes
577;no
578;yes
578;no
578;yes
578;no
578;yes
578;no
578;no
578;yes
578;no
578;yes
579;no
579;yes
579;no
579;yes
579;no
579;yes
579;no
579;no
579;yes
580;no
580;yes
580;no
580;yes
580;no
580;yes
580;no
580;yes
580;no
580;no
580;yes
580;no
580;yes
581;no
581;yes
581;no
581;yes
581;no
581;yes
581;no
581;no
581;yes
581;no
582;yes
582;no
582;yes
582;no
582;yes
582;no
582;yes
582;no
582;no
582;yes
582;no
583;yes
583;no
583;yes
583;no
583;yes
583;no
583;yes
583;no
583;no
584;yes
584;no
584;yes
584;no
584;yes
584;no
584;yes
584;no
584;yes
585;no
585;no
585;yes
585;no
585;yes
585;no
585;yes
585;no
585;yes
585;no
585;yes
586;no
586;no
586;yes
586;no
586;yes
586;no
586;yes
587;no
587;yes
587;no
587;yes
587;no
587;no
587;yes
587;no
588;yes
588;no
588;yes
588;no
588;yes
588;no
588;yes
589;no
589;no
589;yes
589;no
589;yes
589;no
589;yes
590;no
590;yes
590;no
590;yes
590;no
590;no
590;yes
590;no
590;yes
591;no
591;yes
591;no
591;yes
591;no
591;yes
591;no
591;no
591;yes
592;no
592;yes
592;no
592;yes
592;no
592;yes
592;no
592;yes
592;no
593;no
593;yes
593;no
593;yes
593;no
593;yes
593;no
593;yes
593;no
594;yes
594;no
594;no
594;yes
594;no
594;yes
594;no
594;yes
595;no
595;yes
595;no
595;yes
595;no
595;no
595;yes
595;no
595;yes
596;no
596;yes
596;no
596;yes
596;no
596;yes
596;no
596;no
597;yes
597;no
597;yes
597;no
597;yes
597;no
597;yes
597;no
597;yes
597;no
597;no
597;yes
598;no
598;yes
598;no
598;yes
598;no
598;yes
598;no
599;yes
599;no
599;no
599;yes
599;no
599;yes
599;no
599;yes
599;no
600;yes
600;no
600;yes
600;no
600;no
600;yes
600;no
600;yes
600;no
600;yes
600;no
601;yes
601;no
601;yes
601;no
601;no
601;yes
601;no
601;yes
602;no
602;yes
602;no
602;yes
602;no
602;yes
602;no
602;no
602;yes
602;no
603;yes
603;no
603;yes
603;no
603;yes
603;no
603;yes
603;no
604;no
604;yes
604;no
604;yes
604;no
604;yes
604;no
604;yes
604;no
605;yes
605;no
605;no
605;yes
605;no
605;yes
605;no
606;yes
606;no
606;yes
606;no
606;yes
606;no
606;no
606;yes
606;no
607;yes
607;no
607;yes
607;no
607;yes
607;no
607;yes
607;no
608;no
608;yes
608;no
608;yes
608;no
608;yes
608;no
608;yes
608;no
608;yes
608;no
609;no
609;yes
609;no
609;yes
609;no
609;yes
609;no
609;yes
609;no
610;yes
610;no
610;no
610;yes
610;no
610;yes
610;no
610;yes
610;no
611;yes
611;no
611;yes
611;no
611;no
611;yes
611;no
611;yes
611;no
611;yes
611;no
611;yes
612;no
612;yes
612;no
612;no
612;yes
612;no
612;yes
612;no
612;yes
612;no
613;yes
613;no
613;yes
613;no
613;no
613;yes
613;no
613;yes
613;no
613;yes
614;no
614;yes
614;no
614;yes
614;no
614;no
614;yes
614;no
614;yes
614;no
615;yes
615;no
615;yes
615;no
615;yes
615;no
616;no
616;yes
616;no
616;yes
616;no
616;yes
616;no
616;yes
616;no
616;yes
616;no
617;no
617;yes
617;no
617;yes
617;no
617;yes
617;no
617;yes
617;no
617;yes
617;no
618;no
618;yes
618;no
618;yes
618;no
618;yes
618;no
618;yes
618;no
618;yes
618;no
619;no
619;yes
619;no
619;yes
619;no
619;yes
619;no
619;yes
619;no
619;yes
619;no
619;no
619;yes
620;no
620;yes
620;no
620;yes
620;no
620;yes
620;no
620;yes
620;no
620;no
620;yes
620;no
620;yes
621;no
621;yes
621;no
621;yes
621;no
621;yes
621;no
621;no
621;yes
621;no
621;yes
622;no
622;yes
622;no
622;yes
622;no
622;yes
622;no
622;no
622;yes
623;no
623;yes
623;no
623;yes
623;no
623;yes
623;no
623;yes
623;no
623;no
624;yes
624;no
624;yes
624;no
624;yes
624;no
624;yes
624;no
624;yes
624;no
624;no
624;yes
624;no
625;yes
625;no
625;yes
625;no
625;yes
625;no
625;yes
625;no
625;no
625;yes
626;no
626;yes
626;no
626;yes
